{"stats":{"minecraft:killed":{"promenade:sunken_skeleton":1,"minecraft:skeleton":7,"minecraft:zombie":26},"minecraft:crafted":{"minecraft:oak_planks":108,"minecraft:crafting_table":2,"minecraft:bread":61,"minecraft:oak_boat":1,"minecraft:stick":8,"minecraft:torch":32,"minecraft:wheat":153},"minecraft:dropped":{"minecraft:wheat_seeds":4,"minecraft:stone_sword":1,"minecraft:wheat":2,"minecraft:rotten_flesh":27,"minecraft:red_mushroom":1,"minecraft:suspicious_stew":1,"minecraft:filled_map":3,"minecraft:poppy":1,"bewitchment:mandrake_seeds":1,"fishofthieves:earthworms":5,"regions_unexplored:apple_oak_sapling":1,"travelersbackpack:iron_golem":2,"minecraft:oak_sapling":1,"minecraft:spider_eye":1,"minecraft:bow":2,"regions_unexplored:silt_dirt":20,"minecraft:string":2,"twigs:twig":2},"minecraft:custom":{"lootr:looted_stat":34,"minecraft:mob_kills":42,"minecraft:interact_with_crafting_table":2,"minecraft:open_barrel":1,"minecraft:bell_ring":1,"minecraft:damage_dealt_resisted":0,"minecraft:leave_game":4,"minecraft:time_since_death":55442,"minecraft:sleep_in_bed":9,"minecraft:climb_one_cm":2500,"minecraft:damage_resisted":82,"minecraft:hex":0,"minecraft:time_since_rest":31346,"minecraft:sprint_one_cm":320344,"minecraft:damage_taken":4326,"minecraft:walk_one_cm":482865,"minecraft:damage_blocked_by_shield":3118,"minecraft:drop":28,"minecraft:damage_dealt":6867,"minecraft:swim_one_cm":43247,"minecraft:talked_to_villager":1,"minecraft:fly_one_cm":134868,"minecraft:open_chest":5,"minecraft:crouch_one_cm":1098,"minecraft:play_time":130894,"minecraft:deaths":6,"minecraft:sneak_time":647,"minecraft:walk_under_water_one_cm":20307,"minecraft:boat_one_cm":67690,"minecraft:jump":1435,"minecraft:walk_on_water_one_cm":10548,"minecraft:threat":8,"minecraft:total_world_time":130894,"minecraft:fall_one_cm":40432},"minecraft:killed_by":{"mutantmonsters:mutant_skeleton":1,"mythicmobs:chupacabra":1,"minecraft:skeleton":4},"minecraft:picked_up":{"travelersbackpack:iron_golem":2,"minecraft:wheat":7,"minecraft:suspicious_stew":1,"minecraft:brown_mushroom":4,"minecraft:wooden_pickaxe":1,"regions_unexplored:silt_dirt":20,"minecraft:red_mushroom":1,"minecraft:potato":2,"minecraft:filled_map":1,"minecraft:oak_log":27,"minecraft:horn_coral":4,"minecraft:dirt":1,"minecraft:string":1,"minecraft:lantern":2,"twigs:opaline_seashell":2,"minecraft:bone":4,"travelersbackpack:backpack_tank":2,"minecraft:apple":47,"minecraft:bow":3,"minecraft:wheat_seeds":4,"minecraft:gold_nugget":15,"bewitchment:mandrake_seeds":1,"minecraft:oak_boat":1,"fishofthieves:earthworms":10,"minecraft:poppy":1,"twigs:twig":2,"botania:gray_mystical_flower":1,"travelersbackpack:blank_upgrade":1,"minecraft:iron_boots":1,"minecraft:polished_andesite_stairs":1,"minecraft:torch":2,"betterarcheology:artifact_shards":1,"ironchests:blank_chest_upgrade":1,"minecraft:carrot":3,"minecraft:spider_eye":1,"beachparty:rubber_ring_pelican":1,"minecraft:stone_sword":1,"minecraft:arrow":8,"minecraft:rotten_flesh":59,"minecraft:diamond":1,"minecraft:soul_lantern":1,"minecraft:hay_block":17,"minecraft:oak_sapling":2,"regions_unexplored:apple_oak_sapling":1,"minecraft:cobblestone":5},"minecraft:used":{"minecraft:stone_sword":83,"minecraft:wooden_pickaxe":38,"minecraft:shield":47,"minecraft:torch":34,"minecraft:dirt":1,"simplyswords:diamond_warglaive":61,"minecraft:crafting_table":2,"minecraft:apple":44,"minecraft:firework_rocket":2,"minecraft:lantern":2,"minecraft:bread":23,"minecraft:iron_boots":1,"simplyswords:hearthflame":53,"minecraft:soul_lantern":1,"simplyswords:iron_scythe":10,"minecraft:oak_sapling":1,"minecraft:oak_boat":2},"minecraft:broken":{"minecraft:shield":1},"minecraft:mined":{"minecraft:brown_mushroom":4,"minecraft:mossy_cobblestone":2,"minecraft:cyan_terracotta":1,"minecraft:kelp_plant":1,"minecraft:soul_lantern":1,"minecraft:torch":2,"minecraft:grass_block":1,"minecraft:polished_andesite_stairs":1,"minecraft:tall_grass":1,"minecraft:cobblestone":3,"minecraft:kelp":1,"minecraft:red_mushroom":2,"minecraft:diorite":3,"minecraft:spawner":4,"minecraft:hay_block":21,"betterarcheology:loot_vase_creeper":1,"treechop:chopped_log":1,"betterarcheology:loot_vase_green":1,"minecraft:lantern":2,"botania:gray_mystical_flower":1,"regions_unexplored:medium_grass":1,"minecraft:polished_andesite":1,"minecraft:stone":11}},"DataVersion":3465}