{"stats":{"minecraft:used":{"minecraft:stone_sword":7},"minecraft:picked_up":{"minecraft:rotten_flesh":1},"minecraft:custom":{"minecraft:jump":11,"minecraft:time_since_rest":2651,"minecraft:damage_dealt":215,"minecraft:sprint_one_cm":3947,"minecraft:play_time":2651,"minecraft:damage_taken":45,"minecraft:time_since_death":2651,"minecraft:walk_one_cm":11287,"minecraft:total_world_time":2651,"minecraft:hex":0,"minecraft:mob_kills":1,"minecraft:fall_one_cm":1146,"minecraft:fly_one_cm":1801},"minecraft:killed":{"minecraft:zombie":1}},"DataVersion":3465}