{"stats":{"minecraft:used":{"minecraft:stone_sword":9,"minecraft:stripped_dark_oak_wood":1,"minecraft:lantern":1,"minecraft:bread":3,"minecraft:shield":16},"minecraft:picked_up":{"minecraft:book":3,"minecraft:rotten_flesh":1,"minecraft:stripped_dark_oak_wood":1,"minecraft:lantern":2},"minecraft:mined":{"minecraft:bookshelf":1,"minecraft:stripped_dark_oak_wood":1},"minecraft:custom":{"minecraft:time_since_rest":13002,"minecraft:crouch_one_cm":23,"minecraft:play_time":13002,"lootr:looted_stat":3,"minecraft:sprint_one_cm":11511,"minecraft:damage_taken":175,"minecraft:walk_one_cm":44080,"minecraft:damage_blocked_by_shield":510,"minecraft:sneak_time":5,"minecraft:mob_kills":1,"minecraft:jump":48,"minecraft:damage_dealt":300,"minecraft:leave_game":1,"minecraft:time_since_death":13002,"minecraft:total_world_time":13002,"minecraft:hex":0,"minecraft:fall_one_cm":1355,"minecraft:fly_one_cm":4005},"minecraft:killed":{"minecraft:zombie":1}},"DataVersion":3465}