{"stats":{"minecraft:killed":{"minecraft:pig":1,"minecraft:spider":2,"promenade:sunken_skeleton":1,"minecraft:skeleton":2,"minecraft:pillager":1,"bewitchment:owl":1,"tinyskeletons:baby_skeleton":2,"minecraft:zombie":16,"minecraft:drowned":1},"minecraft:crafted":{"minecraft:oak_planks":16,"minecraft:crafting_table":1,"comforts:sleeping_bag_green":1,"minecraft:bread":63,"minecraft:iron_axe":1,"minecraft:stick":14,"minecraft:iron_pickaxe":1,"minecraft:torch":32,"minecraft:wheat":153},"minecraft:custom":{"lootr:looted_stat":39,"minecraft:mob_kills":29,"minecraft:interact_with_crafting_table":8,"minecraft:open_barrel":1,"minecraft:interact_with_loom":1,"minecraft:bell_ring":1,"minecraft:pot_flower":1,"minecraft:damage_dealt_resisted":0,"minecraft:leave_game":16,"minecraft:time_since_death":74083,"minecraft:sleep_in_bed":6,"minecraft:climb_one_cm":971,"minecraft:damage_resisted":0,"minecraft:hex":0,"minecraft:time_since_rest":23110,"minecraft:sprint_one_cm":401237,"minecraft:damage_taken":4335,"minecraft:walk_one_cm":580016,"minecraft:damage_blocked_by_shield":105,"minecraft:drop":23,"minecraft:damage_dealt":5596,"minecraft:swim_one_cm":23505,"minecraft:talked_to_villager":2,"minecraft:fly_one_cm":285229,"minecraft:open_chest":4,"minecraft:crouch_one_cm":969,"minecraft:play_time":143453,"minecraft:deaths":3,"minecraft:sneak_time":495,"minecraft:walk_under_water_one_cm":56103,"minecraft:boat_one_cm":27959,"minecraft:jump":1936,"minecraft:interact_with_blast_furnace":1,"minecraft:threat":5,"minecraft:walk_on_water_one_cm":22481,"minecraft:total_world_time":143453,"minecraft:fall_one_cm":66517},"minecraft:dropped":{"minecraft:bread":11,"simplyswords:gold_greathammer":1,"minecraft:wheat_seeds":65,"minecraft:bowl":4,"minecraft:wheat":1,"minecraft:rotten_flesh":16,"minecraft:cobblestone":1,"twigs:tangerine_seashell":1,"techreborn:tin_ingot":2,"fishofthieves:earthworms":1,"minecraft:oak_sapling":7,"beachparty:rubber_ring_pelican":1,"minecraft:potion":1,"modern_industrialization:lignite_coal":1,"minecraft:bow":1,"minecraft:string":14,"twigs:twig":1},"minecraft:killed_by":{"minecraft:silverfish":1,"tinyskeletons:baby_skeleton":2},"minecraft:picked_up":{"travelersbackpack:iron_golem":1,"modern_industrialization:lignite_coal":1,"minecraft:crafting_table":3,"minecraft:coarse_dirt":4,"minecraft:wheat":10,"regions_unexplored:silt_dirt":5,"minecraft:oak_log":5,"minecraft:string":14,"comforts:sleeping_bag_green":3,"minecraft:apple":138,"minecraft:bow":1,"minecraft:wheat_seeds":63,"fishofthieves:earthworms":1,"twigs:twig":9,"minecraft:egg":1,"minecraft:raw_iron":21,"minecraft:stripped_crimson_hyphae":9,"minecraft:black_candle":4,"minecraft:torch":44,"vinery:white_grape":23,"bewitchment:salt":1,"techreborn:sapphire_gem":3,"techreborn:peridot_gem":1,"croptopia:lemon":2,"minecraft:rotten_flesh":16,"minecraft:hay_block":41,"minecraft:bread":1,"minecraft:green_wool":3,"minecraft:terracotta":3,"minecraft:oak_sapling":7,"minecraft:bricks":1,"twigs:tangerine_seashell":1,"minecraft:coal":69,"minecraft:cobblestone":27,"regions_unexplored:apple_oak_sapling":1},"minecraft:used":{"spellbladenext:arcane_claymore":185,"minecraft:stone_sword":33,"simplyswords:diamond_katana":91,"croptopia:lemon":2,"minecraft:shield":3,"vinery:white_grape":9,"minecraft:torch":56,"minecraft:glow_berries":2,"minecraft:terracotta":3,"minecraft:crafting_table":4,"minecraft:oak_log":1,"minecraft:apple":66,"minecraft:firework_rocket":3,"minecraft:bricks":1,"minecraft:bread":19,"minecraft:suspicious_stew":5,"minecraft:iron_axe":36,"minecraft:iron_pickaxe":139,"twigs:twig":1,"minecraft:cobblestone":12,"minecraft:pumpkin_pie":1,"minecraft:egg":1,"minecraft:coarse_dirt":4,"comforts:sleeping_bag_green":3},"minecraft:mined":{"techreborn:sapphire_ore":2,"minecraft:mossy_cobblestone":1,"minecraft:crafting_table":3,"minecraft:torch":23,"minecraft:glow_lichen":1,"travelersbackpack:iron_golem":1,"minecraft:stripped_crimson_hyphae":9,"minecraft:infested_cobblestone":1,"regions_unexplored:silt_dirt":4,"twigs:twig":1,"modern_industrialization:lignite_coal_ore":1,"croptopia:lemon_crop":2,"minecraft:tall_grass":4,"minecraft:cobblestone":3,"minecraft:bricks":2,"minecraft:wall_torch":21,"minecraft:hay_block":41,"minecraft:coarse_dirt":4,"minecraft:wheat":68,"minecraft:iron_ore":21,"twigs:tangerine_seashell":1,"minecraft:grass":4,"minecraft:oak_log":4,"minecraft:coal_ore":70,"bewitchment:salt_ore":1,"minecraft:black_candle":1,"minecraft:sand":1,"regions_unexplored:apple_oak_leaves":13,"minecraft:cobweb":2,"regions_unexplored:medium_grass":1,"minecraft:terracotta":5,"minecraft:stone":28,"regions_unexplored:silt_grass_block":1,"minecraft:green_wool":4,"minecraft:oak_leaves":29}},"DataVersion":3465}