{"stats":{"minecraft:killed":{"naturalist:zebra":1,"minecraft:spider":7,"fishofthieves:pondie":4,"promenade:sunken_skeleton":1,"naturalist:snail":1,"minecraft:horse":1,"minecraft:skeleton":27,"mythicmobs:chupacabra":1,"minecraft:piglin":5,"minecraft:husk":5,"graveyard:ghoul":4,"minecraft:zombie_villager":1,"minecraft:sheep":2,"minecraft:pillager":1,"minecraft:zombie":57,"minecraft:enderman":2,"minecraft:cow":13},"minecraft:crafted":{"minecraft:black_dye":2,"minecraft:oak_planks":128,"travelersbackpack:iron":1,"minecraft:stone_pickaxe":1,"minecraft:chest":6,"minecraft:spruce_boat":1,"minecraft:dark_oak_planks":4,"minecraft:black_wool":2,"minecraft:wheat":216,"brewery:silo_wood":2,"travelersbackpack:iron_tier_upgrade":1,"minecraft:crafting_table":6,"minecraft:spruce_planks":8,"travelersbackpack:standard":2,"minecraft:wooden_pickaxe":1,"minecraft:smithing_table":1,"travelersbackpack:black_sleeping_bag":1,"minecraft:bread":72,"minecraft:air":0,"minecraft:oak_boat":1,"minecraft:stick":14,"minecraft:iron_pickaxe":1,"minecraft:wooden_axe":1,"minecraft:shears":1},"minecraft:dropped":{"minecraft:bread":1,"ironchests:blank_chest_upgrade":1,"minecraft:wheat_seeds":2,"minecraft:golden_pickaxe":5,"minecraft:mossy_cobblestone":2,"simplyswords:diamond_claymore":1,"minecraft:coal":9,"minecraft:polished_andesite":2,"farmersdelight:fried_rice":30,"minecraft:dirt":17,"minecraft:gray_wool":7,"minecraft:ink_sac":79,"minecraft:mutton":2,"minecraft:horn_coral":4,"minecraft:potion":2,"minecraft:iron_pickaxe":1,"ftbquests:book":2,"twigs:opaline_seashell":2,"minecraft:white_wool":7,"minecraft:bone":2,"minecraft:iron_nugget":4,"minecraft:stone_sword":2,"minecraft:bowl":1,"minecraft:obsidian":2,"minecraft:soul_lantern":1,"minecraft:iron_boots":1,"minecraft:oak_planks":270,"minecraft:pumpkin_seeds":5,"minecraft:carrot":11,"vinery:white_grape":1,"minecraft:filled_map":1,"minecraft:leather_chestplate":1,"minecraft:potato":62,"minecraft:shield":1,"travelersbackpack:iron_golem":1,"minecraft:beetroot_seeds":8,"minecraft:chest":1,"minecraft:spider_eye":1,"minecraft:slime_ball":12,"brewery:silo_wood":8,"minecraft:iron_bars":4,"minecraft:bow":3,"minecraft:arrow":1,"minecraft:wooden_pickaxe":1,"regions_unexplored:silt_dirt":1},"minecraft:custom":{"minecraft:interact_with_smithing_table":2,"lootr:looted_stat":56,"minecraft:mob_kills":139,"minecraft:interact_with_crafting_table":32,"minecraft:interact_with_campfire":9,"minecraft:damage_dealt_resisted":0,"minecraft:leave_game":5,"minecraft:time_since_death":74311,"minecraft:climb_one_cm":10494,"minecraft:damage_resisted":0,"minecraft:sprint_one_cm":781546,"minecraft:damage_blocked_by_shield":1374,"minecraft:walk_one_cm":1001249,"minecraft:drop":92,"minecraft:talked_to_villager":15,"minecraft:play_time":298600,"minecraft:deaths":14,"minecraft:sneak_time":1420,"minecraft:walk_under_water_one_cm":39753,"minecraft:boat_one_cm":63345,"minecraft:interact_with_lectern":1,"minecraft:jump":4314,"minecraft:interact_with_blast_furnace":3,"minecraft:walk_on_water_one_cm":40544,"minecraft:total_world_time":298600,"minecraft:interact_with_cartography_table":1,"minecraft:sleep_in_bed":13,"minecraft:hex":0,"minecraft:time_since_rest":36782,"minecraft:damage_taken":9390,"minecraft:damage_dealt":26532,"minecraft:swim_one_cm":121525,"minecraft:fly_one_cm":842682,"minecraft:open_chest":37,"minecraft:crouch_one_cm":3482,"minecraft:threat":4,"minecraft:fall_one_cm":124929,"minecraft:horse_one_cm":5267},"minecraft:killed_by":{"minecraft:creeper":1,"mythicmobs:chupacabra":1,"mutantmonsters:mutant_skeleton":1,"minecraft:skeleton":8,"minecraft:zombie":1},"minecraft:picked_up":{"modern_industrialization:lignite_coal":16,"minecraft:crafting_table":1,"minecraft:wheat":57,"minecraft:suspicious_stew":1,"minecraft:golden_pickaxe":5,"minecraft:smithing_table":1,"regions_unexplored:silt_dirt":14,"minecraft:potion":5,"minecraft:enchanted_book":2,"minecraft:shield":1,"minecraft:fire_coral":2,"minecraft:string":15,"minecraft:item_frame":2,"twigs:opaline_seashell":2,"mythicmobs:chupacabra_raw_meat":1,"farmersdelight:fried_rice":40,"bosses_of_mass_destruction:soul_star":1,"twigs:pebble":1,"minecraft:beef":21,"minecraft:iron_nugget":4,"minecraft:iron_pickaxe":1,"minecraft:light_gray_wool":1,"minecraft:chest":1,"minecraft:stick":4,"minecraft:jukebox":1,"minecraft:oak_fence":1,"minecraft:torch":1,"ironchests:blank_chest_upgrade":1,"minecraft:diorite":3,"minecraft:carrot":12,"minecraft:tnt":1,"minecraft:stone_sword":1,"minecraft:arrow":30,"minecraft:rotten_flesh":83,"minecraft:beetroot_seeds":16,"minecraft:hay_block":28,"minecraft:cyan_terracotta":1,"minecraft:stripped_dark_oak_wood":1,"minecraft:green_wool":1,"minecraft:glow_berries":1,"minecraft:obsidian":2,"minecraft:mutton":3,"minecraft:iron_bars":4,"minecraft:white_wool":18,"minecraft:cobblestone":41,"travelersbackpack:iron_golem":1,"minecraft:leather_chestplate":1,"minecraft:tripwire_hook":4,"minecraft:leather":15,"minecraft:red_mushroom":2,"techreborn:tin_ingot":2,"minecraft:potato":62,"minecraft:filled_map":3,"minecraft:oak_log":51,"minecraft:gunpowder":1,"minecraft:horn_coral":4,"minecraft:cobblestone_stairs":1,"minecraft:lapis_lazuli":7,"minecraft:blue_bed":1,"minecraft:dirt":38,"minecraft:podzol":1,"travelersbackpack:backpack_tank":2,"minecraft:bone":40,"minecraft:apple":49,"minecraft:bow":3,"minecraft:wheat_seeds":185,"ftbquests:book":2,"bewitchment:mandrake_seeds":1,"fishofthieves:earthworms":15,"twigs:twig":13,"minecraft:gray_bed":2,"minecraft:iron_sword":1,"minecraft:oak_planks":191,"minecraft:acacia_sapling":2,"minecraft:book":3,"minecraft:emerald_block":2,"brewery:silo_wood":8,"techreborn:raw_lead":2,"vinery:white_grape":1,"twigs:bronzed_seashell":4,"minecraft:ink_sac":81,"minecraft:spruce_log":2,"techreborn:sapphire_gem":3,"minecraft:spider_eye":4,"minecraft:mossy_cobblestone":2,"fishofthieves:fish_bone":1,"travelersbackpack:standard":3,"minecraft:polished_andesite":2,"regions_unexplored:hyssop":1,"minecraft:pumpkin_seeds":5,"simplyswords:diamond_claymore":1,"minecraft:slime_ball":12,"minecraft:spruce_boat":1,"minecraft:soul_lantern":2,"minecraft:crossbow":1,"minecraft:painting":1,"minecraft:gray_wool":8,"minecraft:spruce_sign":1,"minecraft:emerald":1,"minecraft:bread":11,"minecraft:oak_sapling":28,"minecraft:coal":18,"regions_unexplored:apple_oak_sapling":1},"minecraft:used":{"regions_unexplored:silt_dirt":2,"fishofthieves:leeches":1,"minecraft:stone_sword":62,"minecraft:chest":5,"minecraft:shield":25,"spellbladenext:fire_orb":3,"minecraft:torch":8,"regions_unexplored:hyssop":1,"minecraft:wooden_axe":23,"minecraft:spruce_boat":2,"simplyswords:icewhisper":51,"minecraft:green_wool":1,"minecraft:oak_sapling":1,"minecraft:gray_bed":1,"fishofthieves:fish_bone":1,"minecraft:cobblestone_stairs":1,"minecraft:stone_pickaxe":47,"travelersbackpack:iron_golem":3,"minecraft:wooden_pickaxe":6,"minecraft:leather_chestplate":3,"minecraft:glow_berries":1,"minecraft:tnt":1,"minecraft:crafting_table":7,"simplyswords:diamond_claymore":771,"minecraft:crossbow":7,"minecraft:oak_log":2,"regions_unexplored:apple_oak_sapling":1,"minecraft:apple":2,"minecraft:firework_rocket":1,"minecraft:bread":62,"minecraft:iron_pickaxe":28,"minecraft:suspicious_stew":3,"twigs:bronzed_seashell":21,"minecraft:soul_lantern":1,"minecraft:cobblestone":1,"travelersbackpack:standard":14,"minecraft:smithing_table":1,"minecraft:oak_boat":1,"beachparty:rubber_ring_pelican":4,"minecraft:jukebox":1,"minecraft:experience_bottle":1},"minecraft:broken":{"minecraft:iron_boots":1,"immersive_armors:wither_chestplate":1,"minecraft:golden_leggings":1,"beachparty:rubber_ring_pelican":1},"minecraft:mined":{"techreborn:sapphire_ore":2,"minecraft:mossy_cobblestone":3,"minecraft:cobblestone_stairs":1,"minecraft:grass_block":7,"modern_industrialization:lignite_coal_ore":15,"minecraft:spruce_leaves":3,"minecraft:spawner":5,"minecraft:hay_block":24,"minecraft:magma_block":1,"techreborn:lead_ore":2,"treechop:chopped_log":2,"twigs:bronzed_seashell":4,"minecraft:stripped_dark_oak_wood":1,"minecraft:bookshelf":1,"minecraft:cave_vines":1,"minecraft:iron_bars":4,"regions_unexplored:medium_grass":3,"travelersbackpack:black_sleeping_bag":4,"minecraft:stone":29,"regions_unexplored:silt_grass_block":3,"twigs:opaline_seashell":2,"minecraft:smithing_table":1,"twigs:pebble":1,"minecraft:oak_fence":1,"minecraft:soul_lantern":1,"travelersbackpack:standard":3,"minecraft:crafting_table":1,"minecraft:torch":1,"minecraft:tall_grass":1,"minecraft:cobblestone":7,"fishofthieves:fish_bone":1,"minecraft:blue_bed":1,"regions_unexplored:hyssop":1,"betterarcheology:loot_vase_creeper":2,"minecraft:gray_bed":2,"minecraft:spruce_log":2,"minecraft:jukebox":1,"minecraft:tnt":1,"minecraft:yellow_bed":1,"betterarcheology:loot_vase_green":2,"betterarcheology:rotten_planks":1,"minecraft:grass":5,"minecraft:coal_ore":1,"minecraft:oak_log":2,"minecraft:dirt":1,"minecraft:cobweb":6,"minecraft:stone_bricks":1,"minecraft:small_dripleaf":1,"regions_unexplored:peat_podzol":1,"minecraft:oak_leaves":4,"minecraft:emerald_block":2}},"DataVersion":3465}