{"stats":{"minecraft:used":{"minecraft:stone_sword":5,"regions_unexplored:silt_dirt":1},"minecraft:picked_up":{"fishofthieves:earthworms":1,"regions_unexplored:silt_dirt":1},"minecraft:mined":{"regions_unexplored:silt_grass_block":1},"minecraft:custom":{"minecraft:jump":125,"minecraft:time_since_rest":36748,"minecraft:damage_dealt":167,"minecraft:interact_with_blast_furnace":1,"minecraft:leave_game":5,"minecraft:play_time":36748,"lootr:looted_stat":2,"minecraft:sprint_one_cm":16488,"minecraft:damage_taken":45,"minecraft:time_since_death":36748,"minecraft:walk_one_cm":38654,"minecraft:total_world_time":36748,"minecraft:hex":0,"minecraft:mob_kills":1,"minecraft:fall_one_cm":3299,"minecraft:fly_one_cm":10046},"minecraft:killed":{"minecraft:zombie":1}},"DataVersion":3465}