{"stats":{"minecraft:used":{"minecraft:stone_sword":6,"minecraft:lantern":1,"minecraft:chainmail_chestplate":1,"simplyswords:diamond_spear":10,"regions_unexplored:silt_dirt":1},"minecraft:picked_up":{"minecraft:book":21,"regions_unexplored:silt_dirt":1,"minecraft:note_block":2,"fishofthieves:earthworms":1,"minecraft:melon_slice":23,"minecraft:lantern":1},"minecraft:mined":{"minecraft:bookshelf":7,"minecraft:melon":5,"regions_unexplored:silt_grass_block":1,"minecraft:note_block":2},"minecraft:custom":{"minecraft:time_since_rest":63267,"minecraft:crouch_one_cm":3,"minecraft:play_time":63267,"lootr:looted_stat":7,"minecraft:sprint_one_cm":38239,"minecraft:damage_taken":119,"minecraft:walk_one_cm":92386,"minecraft:sneak_time":14,"minecraft:mob_kills":2,"minecraft:jump":186,"minecraft:eat_cake_slice":3,"minecraft:damage_dealt":326,"minecraft:interact_with_blast_furnace":2,"minecraft:leave_game":7,"minecraft:time_since_death":63267,"minecraft:total_world_time":63267,"minecraft:hex":0,"minecraft:play_noteblock":2,"minecraft:fall_one_cm":4330,"minecraft:fly_one_cm":19230},"minecraft:killed":{"minecraft:zombie":1,"graveyard:ghoul":1}},"DataVersion":3465}