{"stats":{"minecraft:used":{"regions_unexplored:silt_dirt":1},"minecraft:picked_up":{"fishofthieves:earthworms":1,"regions_unexplored:silt_dirt":1},"minecraft:mined":{"regions_unexplored:silt_grass_block":1},"minecraft:custom":{"minecraft:jump":111,"minecraft:time_since_rest":28752,"lootr:looted_stat":2,"minecraft:leave_game":5,"minecraft:play_time":28752,"minecraft:sprint_one_cm":13231,"minecraft:damage_taken":20,"minecraft:time_since_death":28752,"minecraft:walk_one_cm":21744,"minecraft:total_world_time":28752,"minecraft:hex":0,"minecraft:fall_one_cm":3299,"minecraft:fly_one_cm":7681}},"DataVersion":3465}