{"stats":{"minecraft:used":{"regions_unexplored:silt_dirt":1,"minecraft:stone_sword":6,"minecraft:lantern":1,"minecraft:chainmail_chestplate":1,"simplyswords:diamond_spear":10},"minecraft:picked_up":{"regions_unexplored:silt_dirt":1,"minecraft:note_block":2,"fishofthieves:earthworms":1,"minecraft:melon_slice":23,"minecraft:book":21,"minecraft:lantern":1},"minecraft:mined":{"minecraft:bookshelf":7,"minecraft:melon":5,"regions_unexplored:silt_grass_block":1,"minecraft:note_block":2},"minecraft:custom":{"minecraft:time_since_rest":58261,"minecraft:sprint_one_cm":29768,"lootr:looted_stat":7,"minecraft:play_time":58261,"minecraft:damage_taken":100,"minecraft:walk_one_cm":85684,"minecraft:sneak_time":13,"minecraft:mob_kills":2,"minecraft:jump":175,"minecraft:eat_cake_slice":3,"minecraft:damage_dealt":326,"minecraft:interact_with_blast_furnace":2,"minecraft:leave_game":6,"minecraft:time_since_death":58261,"minecraft:total_world_time":58261,"minecraft:play_noteblock":2,"minecraft:hex":0,"minecraft:fall_one_cm":3926,"minecraft:fly_one_cm":13412},"minecraft:killed":{"minecraft:zombie":1,"graveyard:ghoul":1}},"DataVersion":3465}